NAME_OF_BUSINESS,ADDRESS_OF_BUSINESS
ASPECT FRAMING,731 POLK ST SAN FRANCISCO CA 94109
BIG APPLE,1650 POLK ST SAN FRANCISCO CA 94109
BOB'S DONUTS,1621 POLK ST SAN FRANCISCO CA 94109
BOW WOW MEOW,2150 POLK STREET SAN FRANCISCO CA 94109
BROWNIE'S HARDWARE,1563 POLK ST SAN FRANCISCO CA 94109
CHEESE PLUS,2001 POLK ST SAN FRANCISCO CA 94109
FLIPP,1400 GREEN ST SAN FRANCISCO CA 94109
INTERIOR VISIONS,2206 POLK ST SAN FRANCISCO CA 94109
LOTTA'S BAKERY,1720 POLK ST SAN FRANCISCO CA 94109
LOVING CUP,2356 POLK ST SAN FRANCISCO CA 94109
MILLER'S DELI,1725 POLK ST SAN FRANCISCO CA 94109
NEW INDIA BAZAAR,1107 POLK ST SAN FRANCISCO CA 94109
NICK'S CRISPY TACOS,2109 POLK ST SAN FRANCISCO CA 94109
ONE HALF,1837 POLK ST SAN FRANCISCO CA 94109
PICNIC,1806-08 POLK ST SAN FRANCISCO CA 94109
POLK STREET FLORIST,1718 POLK ST SAN FRANCISCO CA 94109
RUSSIAN HILL BOOKSTORE,2234 POLK ST SAN FRANCISCO CA 94109
RUSSIAN HILL CHIROPRACTIC,2041 POLK ST SAN FRANCISCO CA 94109
SMOKE SIGNALS,2223 POLK ST SAN FRANCISCO CA 94109
THE CANDY STORE,1507 VALLEJO ST SAN FRANCISCO CA 94109
THE BELL TOWER,1900 POLK ST SAN FRANCISCO CA 94109
VELVET DA VINCI,2015 POLK ST SAN FRANCISCO CA 94109
